{
	"@odata.type": "#Sensor.v1_0_0.Sensor",
	"Id": "ACMainPower",
	"Name": "AC Main Power",
	"ReadingType": "Power",
	"Status": {
		"State": "Enabled",
		"Health": "OK"
	},
	"ElectricalContext": "Total",
	"Reading": 28783,
	"ReadingUnits": "W",
	"ReadingRangeMin": 0,
	"ReadingRangeMax": 50000,
	"Accuracy": 1,
	"Precision": 1,
	"SensingFrequency": 0.1,
	"PhysicalContext": "Chassis",

	"Thresholds": {
		"UpperCritical": {
			"Reading": 36000,
			"Activation": "Increasing",
			"DwellTime": "00:01:00"
		},
		"UpperCaution": {
			"Reading": 32000,
			"DwellTime": "00:10:00"
		}
	},
	"Oem": {},
	"@odata.id": "/redfish/v1/PowerEquipment/RackPDUs/1/Sensors/ACMainPower",
	"@Redfish.Copyright": "Copyright 2018-2019 DMTF. For the full DMTF copyright policy, see http://www.dmtf.org/about/policies/copyright."
}