{
    "@odata.type": "#Outlet.v0_9_0.Outlet",
    "Id": "A5",
    "Name": "Un-managed, Un-monitored Outlet A5, Branch Circuit A",

    "PhaseWiringType": "OnePhase3Wire",
    "VoltageType": "AC",
    "OutletType": "NEMA_5_15R",
    "RatedCurrentAmps": 20,
    "NominalVoltage": "AC120V",

    "Links": {
        "BranchCircuit": {
            "@odata.id": "/redfish/v1/PowerEquipment/RackPDUs/1/Branches/A"
        }
    },
    "@odata.id": "/redfish/v1/PowerEquipment/RackPDUs/1/Outlets/A5",
    "@Redfish.Copyright": "Copyright 2018-2019 DMTF. For the full DMTF copyright policy, see http://www.dmtf.org/about/policies/copyright."
}