{
	"@odata.type": "#Circuit.v0_8_0.Circuit",
	"Id": "B1",
	"Name": "Outlet B1, Branch Circuit B",
	"Status": {
		"Health": "OK",
		"State": "Enabled"
	},

	"CircuitType": "Outlet",
	"PhaseWiringType": "SinglePhase3Wire",
	"VoltageType": "AC",
	"NEMAOutletType": "5-20",
	"LockingOutlet": false,
	"RatedCurrentAmps": 20,
	"NominalVoltage": 120,

	"IndicatorLED": "On",
	"PowerOnDelaySeconds": 4,
	"PowerOffDelaySeconds": 0,

	"PowerState": "On",
	
	"PowerEnabled": true,

	"Voltage": {
		"DataSourceUri": "/redfish/v1/DCIMPower/default/RackPDU/1/Sensors/VoltageB1",
		"Name": "Outlet B1 Voltage L2N",
		"Reading": 116.6,
		"ReadingUnits": "V"
	},
	"PolyPhaseVoltages": {
		"Line2ToNeutral": {
			"DataSourceUri": "/redfish/v1/DCIMPower/default/RackPDU/1/Sensors/VoltageB1",
			"Name": "Outlet B1 Voltage L2N",
			"Reading": 116.6,
			"ReadingUnits": "V"
		}
	},
	"Current": {
		"DataSourceUri": "/redfish/v1/DCIMPower/default/RackPDU/1/Sensors/CurrentB1",
		"Name": "Outlet B1 Current",
		"Reading": 3.08,
		"PeakReading": 4.86,
		"ReadingUnits": "A"
	},
	"PolyPhaseCurrents": {
		"Line2ToNeutral": {
			"DataSourceUri": "/redfish/v1/DCIMPower/default/RackPDU/1/Sensors/CurrentB1",
			"Name": "Outlet B1 Current",
			"Reading": 3.08,
			"PeakReading": 4.86,
			"ReadingUnits": "A"
		}
	},
	"PowerReading": {
		"DataSourceUri": "/redfish/v1/DCIMPower/default/RackPDU/1/Sensors/PowerB1",
		"Name": "Outlet B1 Power",		
		"Reading": 228.3,
		"PeakReading": 357.0,
		"ReadingUnits": "W",
		"ApparentVA": 361.7,
		"ReactiveVAR": 280.5,
		"PowerFactor": 0.63
	},
	"PolyPhasePowerReadings": {
		"Line2ToNeutral": {
			"DataSourceUri": "/redfish/v1/DCIMPower/default/RackPDU/1/Sensors/PowerB1",
		  "Name": "Outlet B1 Power",
			"Reading": 228.3,
			"PeakReading": 357.0,
			"ReadingUnits": "W",
			"ApparentVA": 361.7,
		  "ReactiveVAR": 280.5,
		  "PowerFactor": 0.63
		}
	},
	"Energy": {
		"DataSourceUri": "/redfish/v1/DCIMPower/default/RackPDU/1/Sensors/EnergyB1",
		"Name": "Outlet B1 Energy",
		"Reading": 36166,
		"ReadingUnits": "W"
	},
	"EnergyReadings": {
		"Line2ToNeutral": {
			"DataSourceUri": "/redfish/v1/DCIMPower/default/RackPDU/1/Sensors/EnergyB1",
		    "Name": "Outlet B1 Energy",
			"Reading": 36166,
			"ReadingUnits": "W"
		}
	},

	"Actions": {
		"#Circuit.PowerControl": {
			"target": "/redfish/v1/DCIMPower/default/RackPDU/1/Outlets/Circuit.PowerControl",
			"@Redfish.ActionInfo": "/redfish/v1/DCIMPower/default/RackPDU/1/Outlets/B1/PowerControlActionInfo"
		}
	},

	"Links": {
		"BranchCircuit": {
			"@odata.id": "/redfish/v1/DCIMPower/default/RackPDU/1/Branches/B"
		}
	},
	"@odata.context": "/redfish/v1/$metadata#Circuit.Circuit",
	"@odata.id": "/redfish/v1/DCIMPower/default/RackPDU/1/Outlets/B1",
	"@Redfish.Copyright": "Copyright 2018 DMTF. For the full DMTF copyright policy, see http://www.dmtf.org/about/policies/copyright."
}