{
    "@odata.type": "#SensorCollection.SensorCollection",
    "Name": "Rack PDU Sensor Collection",
    "Members@odata.count": 63,
    "Members": [
        {
            "@odata.id": "/redfish/v1/DCIMPower/default/RackPDU/1/Sensors/ACMainPower"
        },
        {
            "@odata.id": "/redfish/v1/DCIMPower/default/RackPDU/1/Sensors/CabTemp"
        },
        {
            "@odata.id": "/redfish/v1/DCIMPower/default/RackPDU/1/Sensors/CurrentA"
        },
        {
            "@odata.id": "/redfish/v1/DCIMPower/default/RackPDU/1/Sensors/CurrentA1"
        },
        {
            "@odata.id": "/redfish/v1/DCIMPower/default/RackPDU/1/Sensors/CurrentA2"
        },
        {
            "@odata.id": "/redfish/v1/DCIMPower/default/RackPDU/1/Sensors/CurrentA3"
        },
        {
            "@odata.id": "/redfish/v1/DCIMPower/default/RackPDU/1/Sensors/CurrentB1"
        },
        {
            "@odata.id": "/redfish/v1/DCIMPower/default/RackPDU/1/Sensors/CurrentB2"
        },
        {
            "@odata.id": "/redfish/v1/DCIMPower/default/RackPDU/1/Sensors/CurrentB3"
        },
        {
            "@odata.id": "/redfish/v1/DCIMPower/default/RackPDU/1/Sensors/CurrentC1"
        },
        {
            "@odata.id": "/redfish/v1/DCIMPower/default/RackPDU/1/Sensors/CurrentC2"
        },
        {
            "@odata.id": "/redfish/v1/DCIMPower/default/RackPDU/1/Sensors/CurrentC3"
        },
        {
            "@odata.id": "/redfish/v1/DCIMPower/default/RackPDU/1/Sensors/CurrentMains1-1"
        },
        {
            "@odata.id": "/redfish/v1/DCIMPower/default/RackPDU/1/Sensors/CurrentMains1-2"
        },
        {
            "@odata.id": "/redfish/v1/DCIMPower/default/RackPDU/1/Sensors/CurrentMains1-3"
        },
        {
            "@odata.id": "/redfish/v1/DCIMPower/default/RackPDU/1/Sensors/CurrentMainsNeutral"
        },
        {
            "@odata.id": "/redfish/v1/DCIMPower/default/RackPDU/1/Sensors/EnergyA1"
        },
        {
            "@odata.id": "/redfish/v1/DCIMPower/default/RackPDU/1/Sensors/EnergyA2"
        },
        {
            "@odata.id": "/redfish/v1/DCIMPower/default/RackPDU/1/Sensors/EnergyA3"
        },
        {
            "@odata.id": "/redfish/v1/DCIMPower/default/RackPDU/1/Sensors/EnergyB1"
        },
        {
            "@odata.id": "/redfish/v1/DCIMPower/default/RackPDU/1/Sensors/EnergyB2"
        },
        {
            "@odata.id": "/redfish/v1/DCIMPower/default/RackPDU/1/Sensors/EnergyB3"
        },
        {
            "@odata.id": "/redfish/v1/DCIMPower/default/RackPDU/1/Sensors/EnergyC1"
        },
        {
            "@odata.id": "/redfish/v1/DCIMPower/default/RackPDU/1/Sensors/EnergyC2"
        },
        {
            "@odata.id": "/redfish/v1/DCIMPower/default/RackPDU/1/Sensors/EnergyC3"
        },
        {
            "@odata.id": "/redfish/v1/DCIMPower/default/RackPDU/1/Sensors/FreqMains"
        },
        {
            "@odata.id": "/redfish/v1/DCIMPower/default/RackPDU/1/Sensors/FrequencyA1"
        },
        {
            "@odata.id": "/redfish/v1/DCIMPower/default/RackPDU/1/Sensors/FrequencyA2"
        },
        {
            "@odata.id": "/redfish/v1/DCIMPower/default/RackPDU/1/Sensors/FrequencyA3"
        },
        {
            "@odata.id": "/redfish/v1/DCIMPower/default/RackPDU/1/Sensors/Humidity"
        },
        {
            "@odata.id": "/redfish/v1/DCIMPower/default/RackPDU/1/Sensors/PowerA"
        },
        {
            "@odata.id": "/redfish/v1/DCIMPower/default/RackPDU/1/Sensors/PowerA1"
        },
        {
            "@odata.id": "/redfish/v1/DCIMPower/default/RackPDU/1/Sensors/PowerA2"
        },
        {
            "@odata.id": "/redfish/v1/DCIMPower/default/RackPDU/1/Sensors/PowerA3"
        },
        {
            "@odata.id": "/redfish/v1/DCIMPower/default/RackPDU/1/Sensors/PowerB1"
        },
        {
            "@odata.id": "/redfish/v1/DCIMPower/default/RackPDU/1/Sensors/PowerB2"
        },
        {
            "@odata.id": "/redfish/v1/DCIMPower/default/RackPDU/1/Sensors/PowerB3"
        },
        {
            "@odata.id": "/redfish/v1/DCIMPower/default/RackPDU/1/Sensors/PowerC1"
        },
        {
            "@odata.id": "/redfish/v1/DCIMPower/default/RackPDU/1/Sensors/PowerC2"
        },
        {
            "@odata.id": "/redfish/v1/DCIMPower/default/RackPDU/1/Sensors/PowerC3"
        },
        {
            "@odata.id": "/redfish/v1/DCIMPower/default/RackPDU/1/Sensors/PowerMains1-1"
        },
        {
            "@odata.id": "/redfish/v1/DCIMPower/default/RackPDU/1/Sensors/PowerMains1-2"
        },
        {
            "@odata.id": "/redfish/v1/DCIMPower/default/RackPDU/1/Sensors/PowerMains1-3"
        },
        {
            "@odata.id": "/redfish/v1/DCIMPower/default/RackPDU/1/Sensors/PowerMains1-4"
        },
        {
            "@odata.id": "/redfish/v1/DCIMPower/default/RackPDU/1/Sensors/PowerMains1-5"
        },
        {
            "@odata.id": "/redfish/v1/DCIMPower/default/RackPDU/1/Sensors/PowerMains1-6"
        },
        {
            "@odata.id": "/redfish/v1/DCIMPower/default/RackPDU/1/Sensors/VoltageA1"
        },
        {
            "@odata.id": "/redfish/v1/DCIMPower/default/RackPDU/1/Sensors/VoltageA2"
        },
        {
            "@odata.id": "/redfish/v1/DCIMPower/default/RackPDU/1/Sensors/VoltageA3"
        },
        {
            "@odata.id": "/redfish/v1/DCIMPower/default/RackPDU/1/Sensors/VoltageAL1L2"
        },
        {
            "@odata.id": "/redfish/v1/DCIMPower/default/RackPDU/1/Sensors/VoltageAL1N"
        },
        {
            "@odata.id": "/redfish/v1/DCIMPower/default/RackPDU/1/Sensors/VoltageB1"
        },
        {
            "@odata.id": "/redfish/v1/DCIMPower/default/RackPDU/1/Sensors/VoltageB2"
        },
        {
            "@odata.id": "/redfish/v1/DCIMPower/default/RackPDU/1/Sensors/VoltageB3"
        },
        {
            "@odata.id": "/redfish/v1/DCIMPower/default/RackPDU/1/Sensors/VoltageC1"
        },
        {
            "@odata.id": "/redfish/v1/DCIMPower/default/RackPDU/1/Sensors/VoltageC2"
        },
        {
            "@odata.id": "/redfish/v1/DCIMPower/default/RackPDU/1/Sensors/VoltageC3"
        },
        {
            "@odata.id": "/redfish/v1/DCIMPower/default/RackPDU/1/Sensors/VoltageMains1-1"
        },
        {
            "@odata.id": "/redfish/v1/DCIMPower/default/RackPDU/1/Sensors/VoltageMains1-2"
        },
        {
            "@odata.id": "/redfish/v1/DCIMPower/default/RackPDU/1/Sensors/VoltageMains1-3"
        },
        {
            "@odata.id": "/redfish/v1/DCIMPower/default/RackPDU/1/Sensors/VoltageMains1-4"
        },
        {
            "@odata.id": "/redfish/v1/DCIMPower/default/RackPDU/1/Sensors/VoltageMains1-5"
        },
        {
            "@odata.id": "/redfish/v1/DCIMPower/default/RackPDU/1/Sensors/VoltageMains1-6"
        }
	],
    "@odata.context": "/redfish/v1/$metadata#SensorCollection.SensorCollection",
    "@odata.id": "/redfish/v1/DCIMPower/default/RackPDU/1/Sensors",
    "@Redfish.Copyright": "Copyright 2014-2018 DMTF. For the full DMTF copyright policy, see http://www.dmtf.org/about/policies/copyright."
}
