{
    "@odata.type": "#HVACDomain.v0_9_0.HVACDomain",
    "Id": "Row1",
    "Name": "Row #1 HVAC Domain",
    "Status": {
        "State": "Enabled",
        "Health": "OK"
    },
    "Links": {
        "ManagedBy": [
            {
                "@odata.id": "/redfish/v1/Managers/BMC"
            }
        ],
        "RelatedSystems": []
    },
    "@odata.id": "/redfish/v1/Facilities/DCIMRoom/HVACDomains/Row1",
    "@Redfish.Copyright": "Copyright 2014-2019 Distributed Management Task Force, Inc. (DMTF). For the full DMTF copyright policy, see http://www.dmtf.org/about/policies/copyright."
}
