{
	"@odata.type": "#Circuit.v0_8_0.Circuit",
	"Id": "A1",
	"Name": "Outlet A1, Branch Circuit A",
	"Status": {
		"Health": "OK",
		"State": "Enabled"
	},

	"CircuitType": "Outlet",
	"PhaseWiringType": "SinglePhase3Wire",
	"VoltageType": "AC",
	"NEMAOutletType": "5-20",
	"LockingOutlet": false,
	"RatedCurrentAmps": 20,
	"NominalVoltage": 120,

	"IndicatorLED": "On",
	"PowerOnDelaySeconds": 4,
	"PowerOffDelaySeconds": 0,

	"PowerState": "On",
	
	"PowerEnabled": true,

	"Voltage": {
		"DataSourceUri": "/redfish/v1/DCIMPower/default/RackPDU/1/Sensors/VoltageA1",
		"Name": "Outlet A1 Voltage L1N",
		"Reading": 117.5,
		"ReadingUnits": "V"
	},
	"PolyPhaseVoltages": {
		"Line1ToNeutral": {
			"DataSourceUri": "/redfish/v1/DCIMPower/default/RackPDU/1/Sensors/VoltageA1",
			"Name": "Outlet A1 Voltage L1N",
			"Reading": 117.5,
			"ReadingUnits": "V"
		}
	},
	"Current": {
		"DataSourceUri": "/redfish/v1/DCIMPower/default/RackPDU/1/Sensors/CurrentA1",
		"Name": "Outlet A1 Current",
		"Reading": 1.68,
		"PeakReading": 2.86,
		"ReadingUnits": "A"
	},
	"PolyPhaseCurrents": {
		"Line1ToNeutral": {
			"DataSourceUri": "/redfish/v1/DCIMPower/default/RackPDU/1/Sensors/CurrentA1",
			"Name": "Outlet A1 Current",
			"Reading": 1.68,
			"PeakReading": 2.86,
			"ReadingUnits": "A"
		}
	},
	"PowerReading": {
		"DataSourceUri": "/redfish/v1/DCIMPower/default/RackPDU/1/Sensors/PowerA1",
		"Name": "Outlet A1 Power",		
		"Reading": 197.4,
		"PeakReading": 336.0,
		"ReadingUnits": "W",
		"ApparentVA": 197.4,
		"ReactiveVAR": 0.0,
		"PowerFactor": 1.00
	},
	"PolyPhasePowerReadings": {
		"Line1ToNeutral": {
			"DataSourceUri": "/redfish/v1/DCIMPower/default/RackPDU/1/Sensors/PowerA1",
		  "Name": "Outlet A1 Power",
			"Reading": 197.4,
			"PeakReading": 336.0,
			"ReadingUnits": "W",
			"ApparentVA": 197.4,
		  "ReactiveVAR": 0.0,
		  "PowerFactor": 1.00
		}
	},
	"Frequency": {
		"DataSourceUri": "/redfish/v1/DCIMPower/default/RackPDU/1/Sensors/FrequencyA1",
		"Name": "Outlet A1 Frequency",
		"Reading": 60.0,
		"ReadingUnits": "Hz"
	},
	"Energy": {
		"DataSourceUri": "/redfish/v1/DCIMPower/default/RackPDU/1/Sensors/EnergyA1",
		"Name": "Outlet A1 Energy",
		"Reading": 36166,
		"ReadingUnits": "W"
	},
	"EnergyReadings": {
		"Line1ToNeutral": {
			"DataSourceUri": "/redfish/v1/DCIMPower/default/RackPDU/1/Sensors/EnergyA1",
		    "Name": "Outlet A1 Energy",
			"Reading": 36166,
			"ReadingUnits": "W"
		}
	},

	"Actions": {
		"#Circuit.PowerControl": {
			"target": "/redfish/v1/DCIMPower/default/RackPDU/1/Outlets/Circuit.PowerControl",
			"@Redfish.ActionInfo": "/redfish/v1/DCIMPower/default/RackPDU/1/Outlets/A1/PowerControlActionInfo"
		}
	},

	"Links": {
		"BranchCircuit": {
			"@odata.id": "/redfish/v1/DCIMPower/default/RackPDU/1/Branches/A"
		}
	},
	"@odata.context": "/redfish/v1/$metadata#Circuit.Circuit",
	"@odata.id": "/redfish/v1/DCIMPower/default/RackPDU/1/Outlets/A1",
	"@Redfish.Copyright": "Copyright 2018 DMTF. For the full DMTF copyright policy, see http://www.dmtf.org/about/policies/copyright."
}