{
    "name" : "Infrastructure Sample",
    "description" : "Sample representation of DCIM equipment.",
    "navlinks" : [
        {
            "text" : "Main",
            "target" : "main"
        },
        {
            "text" : "DCIMPower",
            "target" : "DCIMPower",
            "navlinks" : [
                {
                    "text" : "default",
                    "target" : "default"
                }
            ]
        },
        {
            "text" : "DCIMCooling",
            "target": "DCIMCooling",
            "navlinks" : [
                {
                    "text" : "default",
                    "target" : "default"
                }
            ]
        },
        {
            "text" : "Managers",
            "target" : "Managers",
            "navlinks" : [
                {
                    "text" : "BMC",
                    "target" : "BMC"
                }
            ]
        },
        {
            "text" : "Task Service",
            "target" : "TaskService"
        },
        {
            "text" : "Session Service",
            "target" : "SessionService"
        },
        {
            "target" : "AccountService",
            "text" : "Account Service"
        },
        {
            "target" :  "EventService",
            "text" : "Event Service",
            "navlinks" : [
                {
                    "text" : "Subscriptions",
                    "target" : "Subscriptions"
                }
            ]
        }
    ]
}
