{
    "@odata.type": "#ServiceRoot.v1_6_0.ServiceRoot",
    "Id": "RootService",
    "Name": "Root Service",
    "RedfishVersion": "1.6.0",
    "UUID": "92384634-2938-2342-8820-489239905423",

    "Facilities": {
        "@odata.id": "/redfish/v1/Facilities"
    },
    "PowerEquipment": {
        "@odata.id": "/redfish/v1/PowerEquipment"
    },
    "Managers": {
        "@odata.id": "/redfish/v1/Managers"
    },
    "SessionService": {
        "@odata.id": "/redfish/v1/SessionService"
    },
    "AccountService": {
        "@odata.id": "/redfish/v1/AccountService"
    },
    "EventService": {
        "@odata.id": "/redfish/v1/EventService"
    },
    "Links": {
        "Sessions": {
            "@odata.id": "/redfish/v1/SessionService/Sessions"
        }
    },
    "Oem": {},
    "@odata.id": "/redfish/v1/",
    "@Redfish.Copyright": "Copyright 2014-2018 DMTF. For the full DMTF copyright policy, see http://www.dmtf.org/about/policies/copyright."
}
