{
    "@odata.type": "#Alarm.v0_9_0.Alarm",
    "Id": "FluxCapacitorFault",
    "Name": "Flux Capacitor Fault",
    "AlarmState": "Armed",
    "Acknowledged": false,
    "Severity": "Critical",
    "TriggerTime": "2055-01-03T00:00:00Z",
    "AutomaticReArm": true,
    "Message": "Great Scott! The Flux Capacitor in %1 has failed!",
    "MessageId": "DCIM.0.1.0.FluxCapacitor",
    "MessageArgs": [
        "OUTATIME"
    ],
    "Oem": {},
    "@odata.id": "/redfish/v1/PowerEquipment/RackPDUs/1/Alarms/FluxCapacitorFault",
    "@Redfish.Copyright": "Copyright 2018-2019 DMTF. For the full DMTF copyright policy, see http://www.dmtf.org/about/policies/copyright."
}
