{
    "@odata.type": "#Facility.v0_9_0.Facility",
    "Id": "DCIMRoom",
    "Name": "The DCIM room mockup",
    "FacilityType": "Room",
    "Status": {
        "State": "Enabled",
        "Health": "OK"
    },
    "Location": {
        "PostalAddress": {
            "Country": "US",
            "Territory": "OR",
            "City": "Portland",
            "Street": "1001 SW 5th Avenue",
            "HouseNumber": 1100,
            "Name": "DMTF, Inc.",
            "PostalCode": "97204",
            "Floor": "1",
            "Room": "Lab06"
        }
    },
	  "PowerDomains": {
	        "@odata.id": "/redfish/v1/Facilities/DCIMRoom/PowerDomains"
	  },
	  "HVACDomains": {
	        "@odata.id": "/redfish/v1/Facilities/DCIMRoom/HVACDomains"
	  },
    "Links": {
        "ContainedBy": {
            "@odata.id": "/redfish/v1/Facilities/DCIMBuilding"
        }
    },
    "@odata.id": "/redfish/v1/Facilities/DCIMRoom",
    "@Redfish.Copyright": "Copyright 2014-2019 DMTF. For the full DMTF copyright policy, see http://www.dmtf.org/about/policies/copyright."
}

