{
    "@odata.type": "#Outlet.v0_9_0.Outlet",
    "Id": "B3",
    "Name": "Outlet B3, Branch Circuit B",
    "Status": {
        "Health": "OK",
        "State": "Enabled"
    },

    "PhaseWiringType": "TwoPhase3Wire",
    "VoltageType": "AC",
    "OutletType": "NEMA_5_15R",
    
    "RatedCurrentAmps": 12,
    "NominalVoltage": "AC240V",

    "IndicatorLED": "Lit",
    "PowerOnDelaySeconds": 10,
    "PowerOffDelaySeconds": 0,

    "PowerState": "On",

    "PowerEnabled": true,

    "VoltageSensor": {
        "DataSourceUri": "/redfish/v1/PowerEquipment/RackPDUs/1/Sensors/VoltageB3",
        "Name": "Outlet B3 Voltage L23",
        "Reading": 204.1,
        "ReadingUnits": "V"
    },
    "PolyPhaseVoltageSensors": {
        "Line2ToLine3": {
            "DataSourceUri": "/redfish/v1/PowerEquipment/RackPDUs/1/Sensors/VoltageB3",
            "Name": "Outlet B3 Voltage L23",
            "Reading": 204.1,
            "ReadingUnits": "V"
        }
    },
    "CurrentSensor": {
        "DataSourceUri": "/redfish/v1/PowerEquipment/RackPDUs/1/Sensors/CurrentB3",
        "Name": "Outlet B3 Current",
        "Reading": 2.09,
        "PeakReading": 2.77,
        "ReadingUnits": "A"
    },
    "PolyPhaseCurrentSensors": {
        "Line1": {
            "DataSourceUri": "/redfish/v1/PowerEquipment/RackPDUs/1/Sensors/CurrentB3",
            "Name": "Outlet B3 Current",
            "Reading": 2.09,
            "PeakReading": 2.77,
            "ReadingUnits": "A"
        }
    },
    "PowerSensor": {
        "DataSourceUri": "/redfish/v1/PowerEquipment/RackPDUs/1/Sensors/PowerB3",
        "Name": "Outlet B3 Power",
        "Reading": 426.5,
        "PeakReading": 565.3,
        "ReadingUnits": "W",
        "ApparentVA": 426.5,
        "ReactiveVAR": 0.0,
        "PowerFactor": 1.00
    },
    "PolyPhasePowerSensors": {
        "Line2ToLine3": {
            "DataSourceUri": "/redfish/v1/PowerEquipment/RackPDUs/1/Sensors/PowerB3",
            "Name": "Outlet B3 Power",
            "Reading": 426.5,
            "PeakReading": 565.3,
            "ReadingUnits": "W",
            "ApparentVA": 426.5,
            "ReactiveVAR": 0.0,
            "PowerFactor": 1.00
        }
    },
    "EnergySensor": {
        "DataSourceUri": "/redfish/v1/PowerEquipment/RackPDUs/1/Sensors/EnergyB3",
        "Name": "Outlet B3 Energy",
        "Reading": 61848,
        "ReadingUnits": "kW"
    },

    "Actions": {
        "#Outlet.PowerControl": {
            "target": "/redfish/v1/PowerEquipment/RackPDUs/1/Outlets/B3/Outlet.PowerControl"
        },
        "#Outlet.ResetStatistics": {
            "target": "/redfish/v1/PowerEquipment/RackPDUs/1/Outlets/B3/Outlet.ResetStatistics"
        }
    },

    "Links": {
        "BranchCircuit": {
            "@odata.id": "/redfish/v1/PowerEquipment/RackPDUs/1/Branches/B"
        }
    },
    "@odata.id": "/redfish/v1/PowerEquipment/RackPDUs/1/Outlets/B3",
    "@Redfish.Copyright": "Copyright 2018-2019 DMTF. For the full DMTF copyright policy, see http://www.dmtf.org/about/policies/copyright."
}