{
    "@odata.type": "#SerialInterfaceCollection.SerialInterfaceCollection",
    "Name": "Serial Interface Collection",
    "Description": "Collection of Serial Interfaces for this System",
    "Members@odata.count": 1,
    "Members": [
        {
            "@odata.id": "/redfish/v1/Managers/BMC/SerialInterfaces/TTY0"
        }
    ],
    "Oem": {},
    "@odata.context": "/redfish/v1/$metadata#SerialInterfaceCollection.SerialInterfaceCollection",
    "@odata.id": "/redfish/v1/Managers/BMC/SerialInterfaces",
    "@Redfish.Copyright": "Copyright 2014-2018 DMTF. For the full DMTF copyright policy, see http://www.dmtf.org/about/policies/copyright."
}
