{
    "@odata.type": "#FacilityCollection.FacilityCollection",
    "Name": "Facility Collection",
    "Members@odata.count": 2,
    "Members": [
        {
            "@odata.id": "/redfish/v1/Facilities/DCIMBuilding"
        },
        {
            "@odata.id": "/redfish/v1/Facilities/DCIMRoom"
        }
    ],
    "@odata.id": "/redfish/v1/Facilities",
    "@Redfish.Copyright": "Copyright 2014-2019 DMTF. For the full DMTF copyright policy, see http://www.dmtf.org/about/policies/copyright."
}
