{
    "value": [
        {
            "name": "Service",
            "kind": "Singleton",
            "url": "/redfish/v1/"
        },
        {
            "name": "DCIMPower",
            "kind": "Singleton",
            "url": "/redfish/v1/DCIMPower"
        },
        {
            "name": "Managers",
            "kind": "Singleton",
            "url": "/redfish/v1/Managers"
        },
        {
            "name": "AccountService",
            "kind": "Singleton",
            "url": "/redfish/v1/AccountService"
        },
        {
            "name": "SessionService",
            "kind": "Singleton",
            "url": "/redfish/v1/SessionService"
        },
        {
            "name": "EventService",
            "kind": "Singleton",
            "url": "/redfish/v1/EventService"
        },
        {
            "name": "Sessions",
            "kind": "Singleton",
            "url": "/redfish/v1/SessionService/Sessions"
        }
    ],
    "@odata.context": "/redfish/v1/$metadata",
    "@Redfish.Copyright":"Copyright 2014-2018 DMTF. For the full DMTF copyright policy, see http://www.dmtf.org/about/policies/copyright."
}
