{
	"@odata.type": "#Sensor.v1_0_0.Sensor",
	"Id": "PowerC2",
	"Name": "Power reading for outlet C2",
	"ReadingType": "Power",
	"ElectricalContext": "Line1ToNeutral",
	"Status": {
		"State": "Enabled",
		"Health": "OK"
	},
	"Reading": 427.3,
	"ReadingUnits": "W",
	"ReadingRangeMin": 0,
	"ReadingRangeMax": 1200,
	"ApparentVA": 0,
	"ReactiveVAR": 0,
	"PowerFactor": 0.97,
	"Accuracy": 0.2,
	"Precision": 2,
	"SensingFrequency": 0.25,
	"PhysicalContext": "Chassis",

	"Thresholds": {
		"UpperCritical": {
			"Reading": 1000,
			"Activation": "Increasing",
			"DwellTime": "00:01:00"
		},
		"UpperCaution": {
			"Reading": 800,
			"DwellTime": "00:10:00"
		}
	},
	"Oem": {},
	"@odata.id": "/redfish/v1/PowerEquipment/RackPDUs/1/Sensors/PowerC2",
	"@Redfish.Copyright": "Copyright 2018-2019 DMTF. For the full DMTF copyright policy, see http://www.dmtf.org/about/policies/copyright."
}