{
    "@odata.type": "#CircuitCollection.CircuitCollection",
    "Name": "Branch Circuit Collection",
    "Members@odata.count": 3,
    "Members": [
        {
            "@odata.id": "/redfish/v1/DCIMPower/default/RackPDU/1/Branches/A"
        },
        {
            "@odata.id": "/redfish/v1/DCIMPower/default/RackPDU/1/Branches/B"
        },
        {
            "@odata.id": "/redfish/v1/DCIMPower/default/RackPDU/1/Branches/C"
        }
    ],
    "@odata.context": "/redfish/v1/$metadata#CircuitCollection.CircuitCollection",
    "@odata.id": "/redfish/v1/DCIMPower/default/RackPDU/1/Branches",
    "@Redfish.Copyright": "Copyright 2014-2018 DMTF. For the full DMTF copyright policy, see http://www.dmtf.org/about/policies/copyright."
}
