{
    "@odata.type": "#Outlet.v0_9_0.Outlet",
    "Id": "B2",
    "Name": "Outlet B2, Branch Circuit B",
    "Status": {
        "Health": "OK",
        "State": "Enabled"
    },

    "PhaseWiringType": "TwoPhase3Wire",
    "VoltageType": "AC",
    "OutletType": "NEMA_5_15R",
    
    "RatedCurrentAmps": 12,
    "NominalVoltage": "AC240V",

    "IndicatorLED": "Lit",
    "PowerOnDelaySeconds": 6,
    "PowerOffDelaySeconds": 0,

    "PowerState": "On",

    "PowerEnabled": true,

    "VoltageSensor": {
        "DataSourceUri": "/redfish/v1/PowerEquipment/RackPDUs/1/Sensors/VoltageB2",
        "Name": "Outlet A2 Voltage L23",
        "Reading": 203.6,
        "ReadingUnits": "V"
    },
    "PolyPhaseVoltageSensors": {
        "Line2ToLine3": {
            "DataSourceUri": "/redfish/v1/PowerEquipment/RackPDUs/1/Sensors/VoltageB2",
            "Name": "Outlet B2 Voltage L23",
            "Reading": 203.6,
            "ReadingUnits": "V"
        }
    },
    "CurrentSensor": {
        "DataSourceUri": "/redfish/v1/PowerEquipment/RackPDUs/1/Sensors/CurrentB2",
        "Name": "Outlet B2 Current",
        "Reading": 1.58,
        "PeakReading": 2.25,
        "ReadingUnits": "A"
    },
    "PolyPhaseCurrentSensors": {
        "Line1": {
            "DataSourceUri": "/redfish/v1/PowerEquipment/RackPDUs/1/Sensors/CurrentB2",
            "Name": "Outlet B2 Current",
            "Reading": 1.58,
            "PeakReading": 2.25,
            "ReadingUnits": "A"
        }
    },
    "PowerSensor": {
        "DataSourceUri": "/redfish/v1/PowerEquipment/RackPDUs/1/Sensors/PowerB2",
        "Name": "Outlet B2 Power",
        "Reading": 321.6,
        "PeakReading": 458.1,
        "ReadingUnits": "W",
        "ApparentVA": 321.6,
        "ReactiveVAR": 0.0,
        "PowerFactor": 1.00
    },
    "PolyPhasePowerSensors": {
        "Line2ToLine3": {
            "DataSourceUri": "/redfish/v1/PowerEquipment/RackPDUs/1/Sensors/PowerB2",
            "Name": "Outlet B2 Power",
            "Reading": 321.6,
            "PeakReading": 458.1,
            "ReadingUnits": "W",
            "ApparentVA": 321.6,
            "ReactiveVAR": 0.0,
            "PowerFactor": 1.00
        }
    },
    "EnergySensor": {
        "DataSourceUri": "/redfish/v1/PowerEquipment/RackPDUs/1/Sensors/EnergyB2",
        "Name": "Outlet B2 Energy",
        "Reading": 52941,
        "ReadingUnits": "kW"
    },

    "Actions": {
        "#Outlet.PowerControl": {
            "target": "/redfish/v1/PowerEquipment/RackPDUs/1/Outlets/B2/Outlet.PowerControl"
        },
        "#Outlet.ResetStatistics": {
            "target": "/redfish/v1/PowerEquipment/RackPDUs/1/Outlets/B2/Outlet.ResetStatistics"
        }
    },

    "Links": {
        "BranchCircuit": {
            "@odata.id": "/redfish/v1/PowerEquipment/RackPDUs/1/Branches/B"
        }
    },
    "@odata.id": "/redfish/v1/PowerEquipment/RackPDUs/1/Outlets/B2",
    "@Redfish.Copyright": "Copyright 2018-2019 DMTF. For the full DMTF copyright policy, see http://www.dmtf.org/about/policies/copyright."
}