{
    "@odata.type": "#Outlet.v0_9_0.Outlet",
    "Id": "B1",
    "Name": "Outlet B1, Branch Circuit B",
    "Status": {
        "Health": "OK",
        "State": "Enabled"
    },

    "PhaseWiringType": "OnePhase3Wire",
    "VoltageType": "AC",
    "OutletType": "NEMA_5_20R",
    
    "RatedCurrentAmps": 20,
    "NominalVoltage": "AC120V",

    "IndicatorLED": "Lit",
    "PowerOnDelaySeconds": 4,
    "PowerOffDelaySeconds": 0,

    "PowerState": "On",

    "PowerEnabled": true,

    "VoltageSensor": {
        "DataSourceUri": "/redfish/v1/PowerEquipment/RackPDUs/1/Sensors/VoltageB1",
        "Name": "Outlet B1 Voltage L2N",
        "Reading": 116.6,
        "ReadingUnits": "V"
    },
    "PolyPhaseVoltageSensors": {
        "Line2ToNeutral": {
            "DataSourceUri": "/redfish/v1/PowerEquipment/RackPDUs/1/Sensors/VoltageB1",
            "Name": "Outlet B1 Voltage L2N",
            "Reading": 116.6,
            "ReadingUnits": "V"
        }
    },
    "CurrentSensor": {
        "DataSourceUri": "/redfish/v1/PowerEquipment/RackPDUs/1/Sensors/CurrentB1",
        "Name": "Outlet B1 Current",
        "Reading": 3.08,
        "PeakReading": 4.86,
        "ReadingUnits": "A"
    },
    "PolyPhaseCurrentSensors": {
        "Line1": {
            "DataSourceUri": "/redfish/v1/PowerEquipment/RackPDUs/1/Sensors/CurrentB1",
            "Name": "Outlet B1 Current",
            "Reading": 3.08,
            "PeakReading": 4.86,
            "ReadingUnits": "A"
        }
    },
    "PowerSensor": {
        "DataSourceUri": "/redfish/v1/PowerEquipment/RackPDUs/1/Sensors/PowerB1",
        "Name": "Outlet B1 Power",
        "Reading": 228.3,
        "PeakReading": 357.0,
        "ReadingUnits": "W",
        "ApparentVA": 361.7,
        "ReactiveVAR": 280.5,
        "PowerFactor": 0.63
    },
    "PolyPhasePowerSensors": {
        "Line2ToNeutral": {
            "DataSourceUri": "/redfish/v1/PowerEquipment/RackPDUs/1/Sensors/PowerB1",
            "Name": "Outlet B1 Power",
            "Reading": 228.3,
            "PeakReading": 357.0,
            "ReadingUnits": "W",
            "ApparentVA": 361.7,
            "ReactiveVAR": 280.5,
            "PowerFactor": 0.63
        }
    },
    "EnergySensor": {
        "DataSourceUri": "/redfish/v1/PowerEquipment/RackPDUs/1/Sensors/EnergyB1",
        "Name": "Outlet B1 Energy",
        "Reading": 36166,
        "ReadingUnits": "kW"
    },

    "Actions": {
        "#Outlet.PowerControl": {
            "target": "/redfish/v1/PowerEquipment/RackPDUs/1/Outlets/B1/Outlet.PowerControl"
        },
        "#Outlet.ResetStatistics": {
            "target": "/redfish/v1/PowerEquipment/RackPDUs/1/Outlets/B1/Outlet.ResetStatistics"
        }
    },

    "Links": {
        "BranchCircuit": {
            "@odata.id": "/redfish/v1/PowerEquipment/RackPDUs/1/Branches/B"
        }
    },
    "@odata.id": "/redfish/v1/PowerEquipment/RackPDUs/1/Outlets/B1",
    "@Redfish.Copyright": "Copyright 2018-2019 DMTF. For the full DMTF copyright policy, see http://www.dmtf.org/about/policies/copyright."
}