{
	"@odata.type": "#PowerDistribution.v0_9_0.PowerDistribution",
	"Id": "1",
	"EquipmentType": "FloorPDU",
	"Name": "Row 1 Floor PDU",
	"FirmwareVersion": "2.0.3",
	"HardwareRevision": "1.0",
	"DateOfManufacture": "2019-01-14T08:00:00Z",
	"Manufacturer": "Contoso",
	"Model": "GLH9000",
	"SerialNumber": "0458329",
	"PartNumber": "AKEI355",
	"UUID": "32369641-9637-4332-4a35-963081367898",
	"AssetTag": "PDX-92488",
	"Status": {
		"State": "Enabled",
		"Health": "OK"
	},
	"Location": {
		"Longitude": 45.52,
		"Latitude": 122.67,
		"PostalAddress": {
			"Country": "US",
			"Territory": "OR",
			"City": "Portland",
			"Street": "1001 SW 5th Avenue",
			"Name": "DMTF Headquarters",
			"PostalCode": "97204",
			"Building": "3A",
			"Floor": "2",
			"Room": "213"
		},
		"Placement": {
			"Row": "1"
		}
	},

	"TriggeredAlarms": [],

	"@odata.id": "/redfish/v1/PowerEquipment/FloorPDUs/Row1",
	"@Redfish.Copyright": "Copyright 2014-2019 DMTF. For the full DMTF copyright policy, see http://www.dmtf.org/about/policies/copyright."
}