{
    "@odata.type": "#Outlet.v0_9_0.Outlet",
    "Id": "C1",
    "Name": "Outlet C1, Branch Circuit C",
    "Status": {
        "Health": "OK",
        "State": "Enabled"
    },

    "PhaseWiringType": "OnePhase3Wire",
    "VoltageType": "AC",
    "OutletType": "NEMA_L6_20R",
    
    "RatedCurrentAmps": 20,
    "NominalVoltage": "AC120V",

    "IndicatorLED": "Lit",
    "PowerOnDelaySeconds": 4,
    "PowerOffDelaySeconds": 0,

    "PowerState": "On",
    
    "PowerEnabled": true,

    "VoltageSensor": {
        "DataSourceUri": "/redfish/v1/PowerEquipment/RackPDUs/1/Sensors/VoltageC1",
        "Name": "Outlet C1 Voltage L3N",
        "Reading": 118.4,
        "ReadingUnits": "V"
    },
    "PolyPhaseVoltageSensors": {
        "Line3ToNeutral": {
            "DataSourceUri": "/redfish/v1/PowerEquipment/RackPDUs/1/Sensors/VoltageC1",
            "Name": "Outlet C1 Voltage L3N",
            "Reading": 118.4,
            "ReadingUnits": "V"
        }
    },
    "CurrentSensor": {
        "DataSourceUri": "/redfish/v1/PowerEquipment/RackPDUs/1/Sensors/CurrentC1",
        "Name": "Outlet C1 Current",
        "Reading": 0.48,
        "PeakReading": 0.62,
        "ReadingUnits": "A"
    },
    "PolyPhaseCurrentSensors": {
        "Line1": {
            "DataSourceUri": "/redfish/v1/PowerEquipment/RackPDUs/1/Sensors/CurrentC1",
            "Name": "Outlet C1 Current",
            "Reading": 0.48,
            "PeakReading": 0.62,
            "ReadingUnits": "A"
        }
    },
    "PowerSensor": {
        "DataSourceUri": "/redfish/v1/PowerEquipment/RackPDUs/1/Sensors/PowerC1",
        "Name": "Outlet C1 Power",      
        "Reading": 56.8,
        "PeakReading": 73.4,
        "ReadingUnits": "W",
        "ApparentVA": 56.8,
        "ReactiveVAR": 0.0,
        "PowerFactor": 1.00
    },
    "PolyPhasePowerSensors": {
        "Line3ToNeutral": {
            "DataSourceUri": "/redfish/v1/PowerEquipment/RackPDUs/1/Sensors/PowerC1",
          "Name": "Outlet C1 Power",
            "Reading": 56.8,
            "PeakReading": 73.4,
            "ReadingUnits": "W",
            "ApparentVA": 56.8,
          "ReactiveVAR": 0.0,
          "PowerFactor": 1.00
        }
    },
    "EnergySensor": {
        "DataSourceUri": "/redfish/v1/PowerEquipment/RackPDUs/1/Sensors/EnergyC1",
        "Name": "Outlet C1 Energy",
        "Reading": 36166,
        "ReadingUnits": "kW"
    },

    "Actions": {
        "#Outlet.PowerControl": {
            "target": "/redfish/v1/PowerEquipment/RackPDUs/1/Outlets/C1/Outlet.PowerControl"
        },
        "#Outlet.ResetStatistics": {
            "target": "/redfish/v1/PowerEquipment/RackPDUs/1/Outlets/C1/Outlet.ResetStatistics"
        }
    },

    "Links": {
        "BranchCircuit": {
            "@odata.id": "/redfish/v1/PowerEquipment/RackPDUs/1/Branches/C"
        }
    },
    "@odata.id": "/redfish/v1/PowerEquipment/RackPDUs/1/Outlets/C1",
    "@Redfish.Copyright": "Copyright 2018-2019 DMTF. For the full DMTF copyright policy, see http://www.dmtf.org/about/policies/copyright."
}