{
    "@odata.type": "#Sensor.v1_0_0.Sensor",
    "Id": "PDUPower",
    "Name": "Power reading for the PDU",
    "ReadingType": "Power",
    "ElectricalContext": "Total",
    "Status": {
        "State": "Enabled",
        "Health": "OK"
    },
    "Reading": 2734.8,
    "ReadingUnits": "W",
    "ReadingRangeMin": 0,
    "ReadingRangeMax": 6000,
    "ApparentVA": 2749.2,
    "ReactiveVAR": 281.4,
    "PowerFactor": 0.99,
    "LoadPercent": 33,
    "Accuracy": 0.2,
    "Precision": 2,
    "SensingFrequency": 0.25,
    "PhysicalContext": "Chassis",

    "Thresholds": {
        "UpperCritical": {
            "Reading": 6000,
            "Activation": "Increasing",
            "DwellTime": "00:01:00"
        },
        "UpperCaution": {
            "Reading": 5800,
            "DwellTime": "00:10:00"
        }
    },
    "Oem": {},
    "@odata.id": "/redfish/v1/PowerEquipment/RackPDUs/1/Sensors/PDUPower",
    "@Redfish.Copyright": "Copyright 2018-2019 DMTF. For the full DMTF copyright policy, see http://www.dmtf.org/about/policies/copyright."
}