{
	"@odata.type": "#Circuit.v0_9_0.Circuit",
	"Id": "A",
	"Name": "Branch Circuit A",
	"Status": {
		"State": "Enabled",
		"Health": "OK"
	},
	"CircuitType": "Branch",
	"PhaseWiringType": "TwoPhase3Wire",
	"NominalVoltage": "AC240V",
	"RatedCurrentAmps": 16,
	"BreakerState": "Normal",
	"PolyPhaseVoltageSensors": {
		"Line1ToNeutral": {
			"DataSourceUri": "/redfish/v1/PowerEquipment/RackPDUs/1/Sensors/VoltageAL1N",
			"Name": "Branch A Voltage L1N",
			"Reading": 118.2,
			"ReadingUnits": "V"
		},
		"Line1ToLine2": {
			"DataSourceUri": "/redfish/v1/PowerEquipment/RackPDUs/1/Sensors/VoltageAL1L2",
			"Name": "Branch A Voltage L12",
			"Reading": 203.5,
			"ReadingUnits": "V"
		}
	},
	"CurrentSensor": {
		"DataSourceUri": "/redfish/v1/PowerEquipment/RackPDUs/1/Sensors/CurrentA",
		"Name": "Branch A Current",
		"Reading": 5.19,
		"PeakReading": 6.50,
		"ReadingUnits": "A"
	},
	"PolyPhaseCurrentSensors": {
		"Line1": {
			"DataSourceUri": "/redfish/v1/PowerEquipment/RackPDUs/1/Sensors/CurrentA",
			"Name": "Branch A Current",
			"Reading": 5.19,
			"PeakReading": 6.50,
			"ReadingUnits": "A"
		}
	},
	"PowerSensor": {
		"DataSourceUri": "/redfish/v1/PowerEquipment/RackPDUs/1/Sensors/PowerA",
		"Name": "Branch A Power",
		"Reading": 937.4,
		"PeakReading": 1000.5,
		"ReadingUnits": "W",
		"ApparentVA": 937.4,
		"ReactiveVAR": 0.0,
		"PowerFactor": 1.00
	},
	"PolyPhasePowerSensors": {
		"Line1ToNeutral": {
			"DataSourceUri": "/redfish/v1/PowerEquipment/RackPDUs/1/Sensors/PowerA1",
			"Name": "Branch A Power",
			"Reading": 937.4,
			"PeakReading": 1000.5,
			"ReadingUnits": "W",
			"ApparentVA": 937.4,
			"ReactiveVAR": 0,
			"PowerFactor": 1.00
		}
	},
	"FrequencySensor": {
		"DataSourceUri": "/redfish/v1/PowerEquipment/RackPDUs/1/Sensors/FrequencyA",
		"Name": "Branch A Frequency",
		"Reading": 60.0,
		"ReadingUnits": "Hz"
	},
	"EnergySensor": {
		"DataSourceUri": "/redfish/v1/PowerEquipment/RackPDUs/1/Sensors/EnergyA",
		"Name": "Branch A Energy",
		"Reading": 325675,
		"ReadingUnits": "kW"
	},

	"Outlets": [{
			"@odata.id": "/redfish/v1/PowerEquipment/RackPDUs/1/Outlets/A1"
		},
		{
			"@odata.id": "/redfish/v1/PowerEquipment/RackPDUs/1/Outlets/A2"
		},
		{
			"@odata.id": "/redfish/v1/PowerEquipment/RackPDUs/1/Outlets/A3"
		}
	],
	"Actions": {
		"#Circuit.ResetBreaker": {
			"target": "/redfish/v1/PowerEquipment/RackPDUs/1/Branches/A/Circuit.ResetBreaker"
        },
        "#Outlet.ResetStatistics": {
            "target": "/redfish/v1/PowerEquipment/RackPDUs/1/Branches/A/Circuit.ResetStatistics"
        }
    },
	"@odata.id": "/redfish/v1/PowerEquipment/RackPDUs/1/Branches/A",
	"@Redfish.Copyright": "Copyright 2014-2019 DMTF. For the full DMTF copyright policy, see http://www.dmtf.org/about/policies/copyright."
}