{
    "@odata.type": "#RackPDUCollection.RackPDUCollection",
    "Name": "RackPDU Collection",
    "Members@odata.count": 1,
    "Members": [
        {
            "@odata.id": "/redfish/v1/DCIMPower/default/RackPDU/1"
        }
    ],
    "@odata.context": "/redfish/v1/$metadata#RackPDUCollection.RackPDUCollection",
    "@odata.id": "/redfish/v1/DCIMPower/default/RackPDU",
    "@Redfish.Copyright": "Copyright 2014-2018 DMTF. For the full DMTF copyright policy, see http://www.dmtf.org/about/policies/copyright."
}
