{
    "@odata.type": "#Outlet.v0_9_0.Outlet",
    "Id": "A1",
    "Name": "Outlet A1, Branch Circuit A",
    "Status": {
        "Health": "OK",
        "State": "Enabled"
    },

    "PhaseWiringType": "OnePhase3Wire",
    "VoltageType": "AC",
    "OutletType": "NEMA_5_20R",
    
    "RatedCurrentAmps": 20,
    "NominalVoltage": "AC120V",

    "IndicatorLED": "Lit",
    "PowerOnDelaySeconds": 4,
    "PowerOffDelaySeconds": 0,

    "PowerState": "On",

    "PowerEnabled": true,

    "VoltageSensor": {
        "DataSourceUri": "/redfish/v1/PowerEquipment/RackPDUs/1/Sensors/VoltageA1",
        "Name": "Outlet A1 Voltage L1N",
        "Reading": 117.5,
        "ReadingUnits": "V"
    },
    "PolyPhaseVoltageSensors": {
        "Line1ToNeutral": {
            "DataSourceUri": "/redfish/v1/PowerEquipment/RackPDUs/1/Sensors/VoltageA1",
            "Name": "Outlet A1 Voltage L1N",
            "Reading": 117.5,
            "ReadingUnits": "V"
        }
    },
    "CurrentSensor": {
        "DataSourceUri": "/redfish/v1/PowerEquipment/RackPDUs/1/Sensors/CurrentA1",
        "Name": "Outlet A1 Current",
        "Reading": 1.68,
        "PeakReading": 2.86,
        "ReadingUnits": "A"
    },
    "PolyPhaseCurrentSensors": {
        "Line1": {
            "DataSourceUri": "/redfish/v1/PowerEquipment/RackPDUs/1/Sensors/CurrentA1",
            "Name": "Outlet A1 Current",
            "Reading": 1.68,
            "PeakReading": 2.86,
            "ReadingUnits": "A"
        }
    },
    "PowerSensor": {
        "DataSourceUri": "/redfish/v1/PowerEquipment/RackPDUs/1/Sensors/PowerA1",
        "Name": "Outlet A1 Power",
        "Reading": 197.4,
        "PeakReading": 336.0,
        "ReadingUnits": "W",
        "ApparentVA": 197.4,
        "ReactiveVAR": 0.0,
        "PowerFactor": 1.00
    },
    "PolyPhasePowerSensors": {
        "Line1ToNeutral": {
            "DataSourceUri": "/redfish/v1/PowerEquipment/RackPDUs/1/Sensors/PowerA1",
            "Name": "Outlet A1 Power",
            "Reading": 197.4,
            "PeakReading": 336.0,
            "ReadingUnits": "W",
            "ApparentVA": 197.4,
            "ReactiveVAR": 0.0,
            "PowerFactor": 1.00
        }
    },
    "FrequencySensor": {
        "DataSourceUri": "/redfish/v1/PowerEquipment/RackPDUs/1/Sensors/FrequencyA1",
        "Name": "Outlet A1 Frequency",
        "Reading": 60.0,
        "ReadingUnits": "Hz"
    },
    "EnergySensor": {
        "DataSourceUri": "/redfish/v1/PowerEquipment/RackPDUs/1/Sensors/EnergyA1",
        "Name": "Outlet A1 Energy",
        "Reading": 36166,
        "ReadingUnits": "kW"
    },

    "Actions": {
        "#Outlet.PowerControl": {
            "target": "/redfish/v1/PowerEquipment/RackPDUs/1/Outlets/A1/Outlet.PowerControl"
        },
        "#Outlet.ResetStatistics": {
            "target": "/redfish/v1/PowerEquipment/RackPDUs/1/Outlets/A1/Outlet.ResetStatistics"
        }
    },

    "Links": {
        "BranchCircuit": {
            "@odata.id": "/redfish/v1/PowerEquipment/RackPDUs/1/Branches/A"
        }
    },
    "@odata.id": "/redfish/v1/PowerEquipment/RackPDUs/1/Outlets/A1",
    "@Redfish.Copyright": "Copyright 2018-2019 DMTF. For the full DMTF copyright policy, see http://www.dmtf.org/about/policies/copyright."
}