{
    "@odata.type": "#DCIMPowerCollection.DCIMPowerCollection",
    "Name": "Power Domains Collection",
    "Members@odata.count": 1,
    "Members": [
        {
            "@odata.id": "/redfish/v1/DCIMPower/default"
        }
    ],
    "@odata.context": "/redfish/v1/$metadata#DCIMPowerCollection.DCIMPowerCollection",
    "@odata.id": "/redfish/v1/DCIMPower",
    "@Redfish.Copyright": "Copyright 2014-2018 DMTF. For the full DMTF copyright policy, see http://www.dmtf.org/about/policies/copyright."
}
