{
    "@odata.type": "#Outlet.v0_9_0.Outlet",
    "Id": "A4",
    "Name": "Managed, Un-monitored Outlet A4, Branch Circuit A",
    "Status": {
        "Health": "OK",
        "State": "Enabled"
    },

    "PhaseWiringType": "OnePhase3Wire",
    "VoltageType": "AC",
    "OutletType": "NEMA_5_15R",
    "RatedCurrentAmps": 20,
    "NominalVoltage": "AC120V",

    "IndicatorLED": "Off",
    "PowerOnDelaySeconds": 10,
    "PowerOffDelaySeconds": 0,

    "PowerState": "On",

    "PowerEnabled": true,

    "Actions": {
        "#Outlet.PowerControl": {
            "target": "/redfish/v1/PowerEquipment/RackPDUs/1/Outlets/A4/Outlet.PowerControl"
        }
    },

    "Links": {
        "BranchCircuit": {
            "@odata.id": "/redfish/v1/PowerEquipment/RackPDUs/1/Branches/A"
        }
    },
    "@odata.id": "/redfish/v1/PowerEquipment/RackPDUs/1/Outlets/A4",
    "@Redfish.Copyright": "Copyright 2018-2019 DMTF. For the full DMTF copyright policy, see http://www.dmtf.org/about/policies/copyright."
}