{
    "@odata.type": "#AlarmCollection.AlarmCollection",
    "Name": "RackPDU Alarm Collection",
    "Members@odata.count": 2,
    "Members": [
        {
            "@odata.id": "/redfish/v1/PowerEquipment/RackPDUs/1/Alarms/Overload"
        },
        {
            "@odata.id": "/redfish/v1/PowerEquipment/RackPDUs/1/Alarms/FluxCapacitorFault"
        }
    ],
    "@odata.id": "/redfish/v1/PowerEquipment/RackPDUs/1/Alarms",
    "@Redfish.Copyright": "Copyright 2014-2019 DMTF. For the full DMTF copyright policy, see http://www.dmtf.org/about/policies/copyright."
}