{
    "@odata.type": "#LogServiceCollection.LogServiceCollection",
    "Name": "Log Service Collection",
    "Description": "Collection of Log Services for this Manager",
    "Members@odata.count": 1,
    "Members": [
        {
            "@odata.id": "/redfish/v1/Managers/BMC/LogServices/Log"
        }
    ],
    "@odata.context": "/redfish/v1/$metadata#LogServiceCollection.LogServiceCollection",
    "@odata.id": "/redfish/v1/Managers/BMC/LogServices",
    "@Redfish.Copyright": "Copyright 2014-2018 DMTF. For the full DMTF copyright policy, see http://www.dmtf.org/about/policies/copyright."
}
