{
    "@odata.type": "#HVACDomainCollection.HVACDomainCollection",
    "Name": "HVAC Domains Collection",
    "Members@odata.count": 1,
    "Members": [
        {
            "@odata.id": "/redfish/v1/Facilities/DCIMRoom/HVACDomains/Row1"
        }
    ],
    "@odata.id": "/redfish/v1/Facilities/DCIMRoom/HVACDomains",
    "@Redfish.Copyright": "Copyright 2014-2019 Distributed Management Task Force, Inc. (DMTF). For the full DMTF copyright policy, see http://www.dmtf.org/about/policies/copyright."
}
