{
	"@odata.type": "#Sensor.v1_0_0.Sensor",
	"Id": "CurrentA2",
	"Name": "Current Outlet A2",
	"ReadingType": "Current",
	"ElectricalContext": "Line1",
	"Status": {
		"State": "Enabled",
		"Health": "OK"
	},
	"Reading": 8.92,
	"ReadingUnits": "A",
	"ReadingRangeMin": 0,
	"ReadingRangeMax": 40,
	"Accuracy": 0.05,
	"Precision": 2,
	"SensingFrequency": 0.1,
	"PhysicalContext": "Chassis",

	"Thresholds": {
		"UpperCritical": {
			"Reading": 25,
			"Activation": "Increasing",
			"DwellTime": "00:01:00"
		},
		"UpperCaution": {
			"Reading": 20,
			"Activation": "Increasing",
			"DwellTime": "00:10:00"
		}
	},
	"Oem": {},
	"@odata.id": "/redfish/v1/PowerEquipment/RackPDUs/1/Sensors/CurrentA2",
	"@Redfish.Copyright": "Copyright 2018-2019 DMTF. For the full DMTF copyright policy, see http://www.dmtf.org/about/policies/copyright."
}