{
    "@odata.type": "#CircuitCollection.CircuitCollection",
    "Name": "Outlet Circuit Collection",
    "Members@odata.count": 9,
    "Members": [
        {
            "@odata.id": "/redfish/v1/DCIMPower/default/RackPDU/1/Outlets/A1"
        },
        {
            "@odata.id": "/redfish/v1/DCIMPower/default/RackPDU/1/Outlets/A2"
        },
        {
            "@odata.id": "/redfish/v1/DCIMPower/default/RackPDU/1/Outlets/A3"
        },
        {
            "@odata.id": "/redfish/v1/DCIMPower/default/RackPDU/1/Outlets/B1"
        },
        {
            "@odata.id": "/redfish/v1/DCIMPower/default/RackPDU/1/Outlets/B2"
        },
        {
            "@odata.id": "/redfish/v1/DCIMPower/default/RackPDU/1/Outlets/B3"
        },
        {
            "@odata.id": "/redfish/v1/DCIMPower/default/RackPDU/1/Outlets/C1"
        },
        {
            "@odata.id": "/redfish/v1/DCIMPower/default/RackPDU/1/Outlets/C2"
        },
        {
            "@odata.id": "/redfish/v1/DCIMPower/default/RackPDU/1/Outlets/C3"
        }
    ],
    "@odata.context": "/redfish/v1/$metadata#CircuitCollection.CircuitCollection",
    "@odata.id": "/redfish/v1/DCIMPower/default/RackPDU/1/Outlets",
    "@Redfish.Copyright": "Copyright 2014-2018 DMTF. For the full DMTF copyright policy, see http://www.dmtf.org/about/policies/copyright."
}