{
	"@odata.type": "#Sensor.v0_8_0.Sensor",
	"Id": "VoltageA1",
	"Name": "Voltage reading for outlet A1",
	"ReadingType": "Voltage",
	"Status": {
		"State": "Enabled",
		"Health": "OK"
	},
	"ElectricalSourceType": "Line1ToNeutral",
	"Reading": 119.27,
	"ReadingUnits": "V",
	"ReadingRangeMin": 0,
	"ReadingRangeMax": 260,
	"Accuracy": 0.02,
	"Precision": 2,
	"SensingFrequency": 0.125,
	"PhysicalContext": "Chassis",

	"Thresholds": {
		"UpperCritical": {
			"Reading": 125,
			"Activation": "Increasing",
			"DwellTime": "00:01:00"
		},
		"UpperCaution": {
			"Reading": 122,
			"DwellTime": "00:10:00"
		},
		"LowerCaution": {
			"Reading": 118,
			"DwellTime": "00:05:00"
		},
		"LowerCritical": {
			"Reading": 115,
			"DwellTime": "00:01:00"
		}
	},
	"Oem": {},
	"@odata.context": "/redfish/v1/$metadata#Sensor.Sensor",
	"@odata.id": "/redfish/v1/DCIMPower/default/RackPDU/1/Sensors/VoltageA1",
	"@Redfish.Copyright": "Copyright 2018 DMTF. For the full DMTF copyright policy, see http://www.dmtf.org/about/policies/copyright."
}