{
    "@odata.type": "#Outlet.v0_9_0.Outlet",
    "Id": "C2",
    "Name": "Outlet C2, Branch Circuit C",
    "Status": {
        "Health": "OK",
        "State": "Enabled"
    },

    "PhaseWiringType": "TwoPhase3Wire",
    "VoltageType": "AC",
    "OutletType": "NEMA_L6_20R",
    
    "RatedCurrentAmps": 12,
    "NominalVoltage": "AC240V",

    "IndicatorLED": "Lit",
    "PowerOnDelaySeconds": 6,
    "PowerOffDelaySeconds": 0,

    "PowerState": "On",

    "PowerEnabled": true,

    "VoltageSensor": {
        "DataSourceUri": "/redfish/v1/PowerEquipment/RackPDUs/1/Sensors/VoltageC2",
        "Name": "Outlet C2 Voltage L31",
        "Reading": 204.2,
        "ReadingUnits": "V"
    },
    "PolyPhaseVoltageSensors": {
        "Line3ToLine1": {
            "DataSourceUri": "/redfish/v1/PowerEquipment/RackPDUs/1/Sensors/VoltageC2",
            "Name": "Outlet C2 Voltage L31",
            "Reading": 204.2,
            "ReadingUnits": "V"
        }
    },
    "CurrentSensor": {
        "DataSourceUri": "/redfish/v1/PowerEquipment/RackPDUs/1/Sensors/CurrentC2",
        "Name": "Outlet C2 Current",
        "Reading": 1.93,
        "PeakReading": 2.50,
        "ReadingUnits": "A"
    },
    "PolyPhaseCurrentSensors": {
        "Line1": {
            "DataSourceUri": "/redfish/v1/PowerEquipment/RackPDUs/1/Sensors/CurrentC2",
            "Name": "Outlet C2 Current",
            "Reading": 1.93,
            "PeakReading": 2.50,
            "ReadingUnits": "A"
        }
    },
    "PowerSensor": {
        "DataSourceUri": "/redfish/v1/PowerEquipment/RackPDUs/1/Sensors/PowerC2",
        "Name": "Outlet C2 Power",      
        "Reading": 394.1,
        "PeakReading": 510.5,
        "ReadingUnits": "W",
        "ApparentVA": 394.1,
        "ReactiveVAR": 0.0,
        "PowerFactor": 1.00
    },
    "PolyPhasePowerSensors": {
        "Line3ToLine1": {
            "DataSourceUri": "/redfish/v1/PowerEquipment/RackPDUs/1/Sensors/PowerC2",
          "Name": "Outlet C2 Power",
            "Reading": 394.1,
            "PeakReading": 510.5,
            "ReadingUnits": "W",
            "ApparentVA": 394.1,
          "ReactiveVAR": 0.0,
          "PowerFactor": 1.00
        }
    },
    "EnergySensor": {
        "DataSourceUri": "/redfish/v1/PowerEquipment/RackPDUs/1/Sensors/EnergyC2",
        "Name": "Outlet C2 Energy",
        "Reading": 52941,
        "ReadingUnits": "kW"
    },

    "Actions": {
        "#Outlet.PowerControl": {
            "target": "/redfish/v1/PowerEquipment/RackPDUs/1/Outlets/C2/Outlet.PowerControl"
        },
        "#Outlet.ResetStatistics": {
            "target": "/redfish/v1/PowerEquipment/RackPDUs/1/Outlets/C2/Outlet.ResetStatistics"
        }
    },

    "Links": {
        "BranchCircuit": {
            "@odata.id": "/redfish/v1/PowerEquipment/RackPDUs/1/Branches/C"
        }
    },
    "@odata.id": "/redfish/v1/PowerEquipment/RackPDUs/1/Outlets/C2",
    "@Redfish.Copyright": "Copyright 2018-2019 DMTF. For the full DMTF copyright policy, see http://www.dmtf.org/about/policies/copyright."
}