{
	"@odata.type": "#PowerDistributionMetrics.v0_9_0.PowerDistributionMetrics",
	"Id": "Metrics",
	"Name": "Summary Metrics",

	"TemperatureSensors": [{
		"DataSourceUri": "/redfish/v1/PowerEquipment/RackPDUs/1/Sensors/CabTemp",
		"Name": "Cabinet Temperature Sensor",
		"Status": {
			"Health": "OK"
		},
		"Reading": 12,
		"ReadingUnits": "C",
		"PhysicalContext": "Cabinet"
	}],
	"HumiditySensors": [{
		"DataSourceUri": "/redfish/v1/PowerEquipment/RackPDUs/1/Sensors/Humidity",
		"Name": "Cabinet Humidity Sensor",
		"Status": {
			"Health": "OK"
		},
		"Reading": 12,
		"ReadingUnits": "%",
		"PhysicalContext": "Cabinet"
	}],
	"PowerSensor": {
		"DataSourceUri": "/redfish/v1/PowerEquipment/RackPDUs/1/Sensors/PDUPower",
		"Reading": 6438,
		"ReadingUnits": "W",
		"ApparentVA": 6300,
		"ReactiveVAR": 100,
		"PowerFactor": 0.93,
		"LoadPercent": 62
	},
	"EnergySensor": {
		"DataSourceUri": "/redfish/v1/PowerEquipment/RackPDUs/1/Sensors/PDUEnergy",
		"Reading": 56438,
		"ReadingUnits": "kW"
	},

    "Actions": {
        "#PowerDistributionMetrics.ResetStatistics": {
            "target": "/redfish/v1/PowerEquipment/RackPDUs/1/Metrics/PowerDistributionMetrics.ResetStatistics"
        }
    },

	"@odata.id": "/redfish/v1/PowerEquipment/RackPDUs/1/Metrics",
	"@Redfish.Copyright": "Copyright 2014-2019 DMTF. For the full DMTF copyright policy, see http://www.dmtf.org/about/policies/copyright."
}