{
	"@odata.type": "#Circuit.v0_8_0.Circuit",
	"Id": "C",
	"Name": "Branch Circuit C",
	"Status": {
		"State": "Enabled",
		"Health": "OK"
	},

	"CircuitType": "Branch",
	"PhaseWiringType": "TwoPhase3Wire",
	"BreakerState": "Normal",

	"PolyPhaseVoltages": {
		"Line3ToNeutral": {
			"DataSourceUri": "/redfish/v1/DCIMPower/default/RackPDU/1/Sensors/VoltageCL3N",
			"Name": "Branch C Voltage L3N",
			"Reading": 118.4,
			"ReadingUnits": "V"
		},
		"Line3ToLine1": {
			"DataSourceUri": "/redfish/v1/DCIMPower/default/RackPDU/1/Sensors/VoltageCL3L1",
			"Name": "Branch C Voltage L31",
			"Reading": 205.1,
			"ReadingUnits": "V"
		}
	},
	"Current": {
		"DataSourceUri": "/redfish/v1/DCIMPower/default/RackPDU/1/Sensors/CurrentC",
		"Name": "Branch C Current",
		"Reading": 4.13,
		"PeakReading": 4.48,
		"ReadingUnits": "A"
	},
	"PolyPhaseCurrents": {
		"Line3": {
			"DataSourceUri": "/redfish/v1/DCIMPower/default/RackPDU/1/Sensors/CurrentC",
			"Name": "Branch C Current",
			"Reading": 4.13,
			"PeakReading": 4.48,
			"ReadingUnits": "A"
		}
	},
	"PowerReading": {
		"DataSourceUri": "/redfish/v1/DCIMPower/default/RackPDU/1/Sensors/PowerC",
		"Name": "Branch C Power",
		"Reading": 816.5,
		"PeakReading": 920.8,
		"ReadingUnits": "W",
		"ApparentVA": 816.5,
		"ReactiveVAR": 0.0,
		"PowerFactor": 1.00
	},
	"PolyPhasePowerReadings": {
		"Line3": {
			"DataSourceUri": "/redfish/v1/DCIMPower/default/RackPDU/1/Sensors/PowerC1",
			"Name": "Branch C Power",
			"Reading": 816.5,
			"PeakReading": 920.8,
			"ReadingUnits": "W",
			"ApparentVA": 816.5,
			"ReactiveVAR": 0.0,
			"PowerFactor": 1.00
		}
	},
	"Frequency": {
		"DataSourceUri": "/redfish/v1/DCIMPower/default/RackPDU/1/Sensors/FrequencyC",
		"Name": "Branch C Frequency",
		"Reading": 60.0,
		"ReadingUnits": "Hz"
	},
	"Energy": {
		"DataSourceUri": "/redfish/v1/DCIMPower/default/RackPDU/1/Sensors/EnergyC",
		"Name": "Branch C Energy",
		"Reading": 121666,
		"ReadingUnits": "W"
	},
	"EnergyReadings": {
		"Line3": {
			"DataSourceUri": "/redfish/v1/DCIMPower/default/RackPDU/1/Sensors/EnergyC1",
			"Name": "Branch C Energy",
			"Reading": 121666,
			"ReadingUnits": "W"
		}
	},
	"Outlets": [{
			"@odata.id": "/redfish/v1/DCIMPower/default/RackPDU/1/Outlets/C1"
		},
		{
			"@odata.id": "/redfish/v1/DCIMPower/default/RackPDU/1/Outlets/C2"
		},
		{
			"@odata.id": "/redfish/v1/DCIMPower/default/RackPDU/1/Outlets/C3"
		}
	],
	"Actions": {
		"#Circuit.ResetBreaker": {
			"target": "/redfish/v1/DCIMPower/default/RackPDU/1/Branches/C/Circuit.ResetBreaker",
			"@Redfish.ActionInfo": "/redfish/v1/DCIMPower/default/RackPDU/1/Branches/C/ResetBreakerActionInfo"
		}
	},
	"@odata.context": "/redfish/v1/$metadata#Circuit.Circuit",
	"@odata.id": "/redfish/v1/DCIMPower/default/RackPDU/1/Branches/C",
	"@Redfish.Copyright": "Copyright 2014-2018 DMTF. For the full DMTF copyright policy, see http://www.dmtf.org/about/policies/copyright."
}