{
	"@odata.type": "#Circuit.v0_8_0.Circuit",
	"Id": "A2",
	"Name": "Outlet A2, Branch Circuit A",
	"Status": {
		"Health": "OK",
		"State": "Enabled"
	},

	"CircuitType": "Outlet",
	"PhaseWiringType": "TwoPhase3Wire",
	"VoltageType": "AC",
	"IECOutletType": "C13",
	"LockingOutlet": false,
	"RatedCurrentAmps": 12,
	"NominalVoltage": 208,

	"IndicatorLED": "On",
	"PowerOnDelaySeconds": 6,
	"PowerOffDelaySeconds": 0,

	"PowerState": "On",

	"PowerEnabled": true,

	"Voltage": {
		"DataSourceUri": "/redfish/v1/DCIMPower/default/RackPDU/1/Sensors/VoltageA2",
		"Name": "Outlet A2 Voltage L12",
		"Reading": 202.4,
		"ReadingUnits": "V"
	},
	"PolyPhaseVoltages": {
		"Line1ToLine2": {
			"DataSourceUri": "/redfish/v1/DCIMPower/default/RackPDU/1/Sensors/VoltageA2",
			"Name": "Outlet A2 Voltage L12",
			"Reading": 202.4,
			"ReadingUnits": "V"
		}
	},
	"Current": {
		"DataSourceUri": "/redfish/v1/DCIMPower/default/RackPDU/1/Sensors/CurrentA2",
		"Name": "Outlet A2 Current",
		"Reading": 1.90,
		"PeakReading": 2.00,
		"ReadingUnits": "A"
	},
	"PolyPhaseCurrents": {
		"Line1ToLine2": {
			"DataSourceUri": "/redfish/v1/DCIMPower/default/RackPDU/1/Sensors/CurrentA2",
			"Name": "Outlet A2 Current",
			"Reading": 1.90,
			"PeakReading": 2.00,
			"ReadingUnits": "A"
		}
	},
	"PowerReading": {
		"DataSourceUri": "/redfish/v1/DCIMPower/default/RackPDU/1/Sensors/PowerA2",
		"Name": "Outlet A2 Power",		
		"Reading": 384.5,
		"PeakReading": 404.8,
		"ReadingUnits": "W",
		"ApparentVA": 384.5,
		"ReactiveVAR": 0.0,
		"PowerFactor": 1.00
	},
	"PolyPhasePowerReadings": {
		"Line1ToLine2": {
			"DataSourceUri": "/redfish/v1/DCIMPower/default/RackPDU/1/Sensors/PowerA2",
		  "Name": "Outlet A2 Power",
			"Reading": 384.5,
			"PeakReading": 404.8,
			"ReadingUnits": "W",
			"ApparentVA": 384.5,
		  "ReactiveVAR": 0.0,
		  "PowerFactor": 1.00
		}
	},
	"Frequency": {
		"DataSourceUri": "/redfish/v1/DCIMPower/default/RackPDU/1/Sensors/FrequencyA2",
		"Name": "Outlet A2 Frequency",
		"Reading": 60.0,
		"ReadingUnits": "Hz"
	},
	"Energy": {
		"DataSourceUri": "/redfish/v1/DCIMPower/default/RackPDU/1/Sensors/EnergyA2",
		"Name": "Outlet A2 Energy",
		"Reading": 52941,
		"ReadingUnits": "W"
	},
	"EnergyReadings": {
		"Line1ToLine2": {
			"DataSourceUri": "/redfish/v1/DCIMPower/default/RackPDU/1/Sensors/EnergyA2",
		    "Name": "Outlet A2 Energy",
			"Reading": 52941,
			"ReadingUnits": "W"
		}
	},

	"Actions": {
		"#Circuit.PowerControl": {
			"target": "/redfish/v1/DCIMPower/default/RackPDU/1/Outlets/Circuit.PowerControl",
			"@Redfish.ActionInfo": "/redfish/v1/DCIMPower/default/RackPDU/1/Outlets/A2/PowerControlActionInfo"
		}
	},

	"Links": {
		"BranchCircuit": {
			"@odata.id": "/redfish/v1/DCIMPower/default/RackPDU/1/Branches/A"
		}
	},
	"@odata.context": "/redfish/v1/$metadata#Circuit.Circuit",
	"@odata.id": "/redfish/v1/DCIMPower/default/RackPDU/1/Outlets/A2",
	"@Redfish.Copyright": "Copyright 2018 DMTF. For the full DMTF copyright policy, see http://www.dmtf.org/about/policies/copyright."
}