{
	"@odata.type": "#Sensor.v1_0_0.Sensor",
	"Id": "Humidity",
	"Name": "Rack PDU Humidity",
	"ReadingType": "Humidity",
	"Status": {
		"State": "Enabled",
		"Health": "OK"
	},
	"Reading": 43,
	"ReadingUnits": "%",
	"ReadingRangeMin": 0,
	"ReadingRangeMax": 100,
	"Accuracy": 0.5,
	"Precision": 1,
	"SensingFrequency": 15,
	"PhysicalContext": "Chassis",

	"Thresholds": {
		"UpperCritical": {
			"Reading": 66,
			"Activation": "Increasing",
			"DwellTime": "00:01:00"
		},
		"UpperCaution": {
			"Reading": 55,
			"DwellTime": "00:10:00"
		},
		"LowerCaution": {
			"Reading": 20,
			"DwellTime": "00:05:00"
		}
	},
	"Oem": {},
	"@odata.id": "/redfish/v1/PowerEquipment/RackPDUs/1/Sensors/Humidity",
	"@Redfish.Copyright": "Copyright 2018-2019 DMTF. For the full DMTF copyright policy, see http://www.dmtf.org/about/policies/copyright."
}