{
	"@odata.type": "#Circuit.v0_8_0.Circuit",
	"Id": "C3",
	"Name": "Outlet C3, Branch Circuit C",
	"Status": {
		"Health": "OK",
		"State": "Enabled"
	},

	"CircuitType": "Outlet",
	"PhaseWiringType": "TwoPhase3Wire",
	"VoltageType": "AC",
	"IECOutletType": "C13",
	"LockingOutlet": false,
	"RatedCurrentAmps": 12,
	"NominalVoltage": 208,

	"IndicatorLED": "On",
	"PowerOnDelaySeconds": 10,
	"PowerOffDelaySeconds": 0,

	"PowerState": "On",

	"PowerEnabled": true,

	"Voltage": {
		"DataSourceUri": "/redfish/v1/DCIMPower/default/RackPDU/1/Sensors/VoltageC3",
		"Name": "Outlet C3 Voltage L31",
		"Reading": 204.3,
		"ReadingUnits": "V"
	},
	"PolyPhaseVoltages": {
		"Line3ToLine1": {
			"DataSourceUri": "/redfish/v1/DCIMPower/default/RackPDU/1/Sensors/VoltageC3",
			"Name": "Outlet C3 Voltage L31",
			"Reading": 204.3,
			"ReadingUnits": "V"
		}
	},
	"Current": {
		"DataSourceUri": "/redfish/v1/DCIMPower/default/RackPDU/1/Sensors/CurrentC3",
		"Name": "Outlet C3 Current",
		"Reading": 1.74,
		"PeakReading": 2.85,
		"ReadingUnits": "A"
	},
	"PolyPhaseCurrents": {
		"Line3ToLine1": {
			"DataSourceUri": "/redfish/v1/DCIMPower/default/RackPDU/1/Sensors/CurrentC3",
			"Name": "Outlet C3 Current",
			"Reading": 1.74,
			"PeakReading": 2.85,
			"ReadingUnits": "A"
		}
	},
	"PowerReading": {
		"DataSourceUri": "/redfish/v1/DCIMPower/default/RackPDU/1/Sensors/PowerC3",
		"Name": "Outlet C3 Power",		
		"Reading": 355.4,
		"PeakReading": 582.3,
		"ReadingUnits": "W",
		"ApparentVA": 355.4,
		"ReactiveVAR": 0.0,
		"PowerFactor": 1.00
	},
	"PolyPhasePowerReadings": {
		"Line3ToLine1": {
			"DataSourceUri": "/redfish/v1/DCIMPower/default/RackPDU/1/Sensors/PowerC3",
		  "Name": "Outlet C3 Power",
			"Reading": 355.4,
			"PeakReading": 582.3,
			"ReadingUnits": "W",
			"ApparentVA": 355.4,
		  "ReactiveVAR": 0.0,
		  "PowerFactor": 1.00
		}
	},
	"Energy": {
		"DataSourceUri": "/redfish/v1/DCIMPower/default/RackPDU/1/Sensors/EnergyC3",
		"Name": "Outlet C3 Energy",
		"Reading": 61848,
		"ReadingUnits": "W"
	},
	"EnergyReadings": {
		"Line3toLine1": {
			"DataSourceUri": "/redfish/v1/DCIMPower/default/RackPDU/1/Sensors/EnergyC3",
		    "Name": "Outlet C3 Energy",
			"Reading": 61848,
			"ReadingUnits": "W"
		}
	},

	"Actions": {
		"#Circuit.PowerControl": {
			"target": "/redfish/v1/DCIMPower/default/RackPDU/1/Outlets/Circuit.PowerControl",
			"@Redfish.ActionInfo": "/redfish/v1/DCIMPower/default/RackPDU/1/Outlets/C3/PowerControlActionInfo"
		}
	},

	"Links": {
		"BranchCircuit": {
			"@odata.id": "/redfish/v1/DCIMPower/default/RackPDU/1/Branches/C"
		}
	},
	"@odata.context": "/redfish/v1/$metadata#Circuit.Circuit",
	"@odata.id": "/redfish/v1/DCIMPower/default/RackPDU/1/Outlets/C3",
	"@Redfish.Copyright": "Copyright 2018 DMTF. For the full DMTF copyright policy, see http://www.dmtf.org/about/policies/copyright."
}