{
	"@odata.type": "#Sensor.v1_0_0.Sensor",
	"Id": "EnergyB2",
	"Name": "Energy for outlet B2",
	"ReadingType": "EnergykWh",
	"ElectricalContext": "Total",
	"Status": {
		"State": "Enabled",
		"Health": "OK"
	},
	"Reading": 7855,
	"ReadingUnits": "kW",
	"PhysicalContext": "Chassis",

	"Oem": {},
	"@odata.id": "/redfish/v1/PowerEquipment/RackPDUs/1/Sensors/EnergyB2",
	"@Redfish.Copyright": "Copyright 2018-2019 DMTF. For the full DMTF copyright policy, see http://www.dmtf.org/about/policies/copyright."
}