{
	"@odata.type": "#Circuit.v0_8_0.Circuit",
	"Id": "A3",
	"Name": "Outlet A3, Branch Circuit A",
	"Status": {
		"Health": "OK",
		"State": "Enabled"
	},

	"CircuitType": "Outlet",
	"PhaseWiringType": "TwoPhase3Wire",
	"VoltageType": "AC",
	"IECOutletType": "C13",
	"LockingOutlet": false,
	"RatedCurrentAmps": 12,
	"NominalVoltage": 208,

	"IndicatorLED": "On",
	"PowerOnDelaySeconds": 10,
	"PowerOffDelaySeconds": 0,

	"PowerState": "On",

	"PowerEnabled": true,

	"Voltage": {
		"DataSourceUri": "/redfish/v1/DCIMPower/default/RackPDU/1/Sensors/VoltageA3",
		"Name": "Outlet A3 Voltage L12",
		"Reading": 202.3,
		"ReadingUnits": "V"
	},
	"PolyPhaseVoltages": {
		"Line1ToLine2": {
			"DataSourceUri": "/redfish/v1/DCIMPower/default/RackPDU/1/Sensors/VoltageA3",
			"Name": "Outlet A3 Voltage L12",
			"Reading": 202.3,
			"ReadingUnits": "V"
		}
	},
	"Current": {
		"DataSourceUri": "/redfish/v1/DCIMPower/default/RackPDU/1/Sensors/CurrentA3",
		"Name": "Outlet A3 Current",
		"Reading": 1.73,
		"PeakReading": 2.50,
		"ReadingUnits": "A"
	},
	"PolyPhaseCurrents": {
		"Line1ToLine2": {
			"DataSourceUri": "/redfish/v1/DCIMPower/default/RackPDU/1/Sensors/CurrentA3",
			"Name": "Outlet A3 Current",
			"Reading": 1.73,
			"PeakReading": 2.50,
			"ReadingUnits": "A"
		}
	},
	"PowerReading": {
		"DataSourceUri": "/redfish/v1/DCIMPower/default/RackPDU/1/Sensors/PowerA3",
		"Name": "Outlet A3 Power",		
		"Reading": 349.9,
		"PeakReading": 505.7,
		"ReadingUnits": "W",
		"ApparentVA": 349.9,
		"ReactiveVAR": 0.0,
		"PowerFactor": 1.00
	},
	"PolyPhasePowerReadings": {
		"Line1ToLine2": {
			"DataSourceUri": "/redfish/v1/DCIMPower/default/RackPDU/1/Sensors/PowerA3",
		  "Name": "Outlet A3 Power",
			"Reading": 349.9,
			"PeakReading": 505.7,
			"ReadingUnits": "W",
			"ApparentVA": 349.9,
		  "ReactiveVAR": 0.0,
		  "PowerFactor": 1.00
		}
	},
	"Frequency": {
		"DataSourceUri": "/redfish/v1/DCIMPower/default/RackPDU/1/Sensors/FrequencyA3",
		"Name": "Outlet A3 Frequency",
		"Reading": 60.0,
		"ReadingUnits": "Hz"
	},
	"Energy": {
		"DataSourceUri": "/redfish/v1/DCIMPower/default/RackPDU/1/Sensors/EnergyA3",
		"Name": "Outlet A3 Energy",
		"Reading": 61848,
		"ReadingUnits": "W"
	},
	"EnergyReadings": {
		"Line1toLine2": {
			"DataSourceUri": "/redfish/v1/DCIMPower/default/RackPDU/1/Sensors/EnergyA3",
		    "Name": "Outlet A3 Energy",
			"Reading": 61848,
			"ReadingUnits": "W"
		}
	},

	"Actions": {
		"#Circuit.PowerControl": {
			"target": "/redfish/v1/DCIMPower/default/RackPDU/1/Outlets/Circuit.PowerControl",
			"@Redfish.ActionInfo": "/redfish/v1/DCIMPower/default/RackPDU/1/Outlets/A3/PowerControlActionInfo"
		}
	},

	"Links": {
		"BranchCircuit": {
			"@odata.id": "/redfish/v1/DCIMPower/default/RackPDU/1/Branches/A"
		}
	},
	"@odata.context": "/redfish/v1/$metadata#Circuit.Circuit",
	"@odata.id": "/redfish/v1/DCIMPower/default/RackPDU/1/Outlets/A3",
	"@Redfish.Copyright": "Copyright 2018 DMTF. For the full DMTF copyright policy, see http://www.dmtf.org/about/policies/copyright."
}