{
    "@odata.type": "#Outlet.v0_9_0.Outlet",
    "Id": "A2",
    "Name": "Outlet A2, Branch Circuit A",
    "Status": {
        "Health": "OK",
        "State": "Enabled"
    },

    "PhaseWiringType": "TwoPhase3Wire",
    "VoltageType": "AC",
    "OutletType": "C13",
    
    "RatedCurrentAmps": 12,
    "NominalVoltage": "AC240V",

    "IndicatorLED": "Lit",
    "PowerOnDelaySeconds": 6,
    "PowerOffDelaySeconds": 0,

    "PowerState": "On",

    "PowerEnabled": true,

    "VoltageSensor": {
        "DataSourceUri": "/redfish/v1/PowerEquipment/RackPDUs/1/Sensors/VoltageA2",
        "Name": "Outlet A2 Voltage L12",
        "Reading": 202.4,
        "ReadingUnits": "V"
    },
    "PolyPhaseVoltageSensors": {
        "Line1ToLine2": {
            "DataSourceUri": "/redfish/v1/PowerEquipment/RackPDUs/1/Sensors/VoltageA2",
            "Name": "Outlet A2 Voltage L12",
            "Reading": 202.4,
            "ReadingUnits": "V"
        }
    },
    "CurrentSensor": {
        "DataSourceUri": "/redfish/v1/PowerEquipment/RackPDUs/1/Sensors/CurrentA2",
        "Name": "Outlet A2 Current",
        "Reading": 1.90,
        "PeakReading": 2.00,
        "ReadingUnits": "A"
    },
    "PolyPhaseCurrentSensors": {
        "Line1": {
            "DataSourceUri": "/redfish/v1/PowerEquipment/RackPDUs/1/Sensors/CurrentA2",
            "Name": "Outlet A2 Current",
            "Reading": 1.90,
            "PeakReading": 2.00,
            "ReadingUnits": "A"
        }
    },
    "PowerSensor": {
        "DataSourceUri": "/redfish/v1/PowerEquipment/RackPDUs/1/Sensors/PowerA2",
        "Name": "Outlet A2 Power",
        "Reading": 384.5,
        "PeakReading": 404.8,
        "ReadingUnits": "W",
        "ApparentVA": 384.5,
        "ReactiveVAR": 0.0,
        "PowerFactor": 1.00
    },
    "PolyPhasePowerSensors": {
        "Line1ToLine2": {
            "DataSourceUri": "/redfish/v1/PowerEquipment/RackPDUs/1/Sensors/PowerA2",
            "Name": "Outlet A2 Power",
            "Reading": 384.5,
            "PeakReading": 404.8,
            "ReadingUnits": "W",
            "ApparentVA": 384.5,
            "ReactiveVAR": 0.0,
            "PowerFactor": 1.00
        }
    },
    "FrequencySensor": {
        "DataSourceUri": "/redfish/v1/PowerEquipment/RackPDUs/1/Sensors/FrequencyA2",
        "Name": "Outlet A2 Frequency",
        "Reading": 60.0,
        "ReadingUnits": "Hz"
    },
    "EnergySensor": {
        "DataSourceUri": "/redfish/v1/PowerEquipment/RackPDUs/1/Sensors/EnergyA2",
        "Name": "Outlet A2 Energy",
        "Reading": 52941,
        "ReadingUnits": "kW"
    },

    "Actions": {
        "#Outlet.PowerControl": {
            "target": "/redfish/v1/PowerEquipment/RackPDUs/1/Outlets/A2/Outlet.PowerControl"
        },
        "#Outlet.ResetStatistics": {
            "target": "/redfish/v1/PowerEquipment/RackPDUs/1/Outlets/A2/Outlet.ResetStatistics"
        }
    },

    "Links": {
        "BranchCircuit": {
            "@odata.id": "/redfish/v1/PowerEquipment/RackPDUs/1/Branches/A"
        }
    },
    "@odata.id": "/redfish/v1/PowerEquipment/RackPDUs/1/Outlets/A2",
    "@Redfish.Copyright": "Copyright 2018-2019 DMTF. For the full DMTF copyright policy, see http://www.dmtf.org/about/policies/copyright."
}