{
    "@odata.type": "#CircuitCollection.CircuitCollection",
    "Name": "Branch Circuit Collection",
    "Members@odata.count": 1,
    "Members": [
        {
            "@odata.id": "/redfish/v1/DCIMPower/default/RackPDU/1/Mains/AC1"
        }
    ],
    "@odata.context": "/redfish/v1/$metadata#CircuitCollection.CircuitCollection",
    "@odata.id": "/redfish/v1/DCIMPower/default/RackPDU/1/Mains",
    "@Redfish.Copyright": "Copyright 2014-2018 DMTF. For the full DMTF copyright policy, see http://www.dmtf.org/about/policies/copyright."
}