{
    "@odata.type": "#Facility.v0_9_0.Facility",
    "Id": "DCIMBuilding",
    "Name": "The DCIM building mockup",
    "FacilityType": "Building",
    "Status": {
        "State": "Enabled",
        "Health": "OK"
    },
    "Location": {
        "PostalAddress": {
            "Country": "US",
            "Territory": "OR",
            "City": "Portland",
            "Street": "1001 SW 5th Avenue",
            "HouseNumber": 1100,
            "Name": "DMTF, Inc.",
            "PostalCode": "97204"
        }
    },
    "Links": {
        "Contains": [
            {
                "@odata.id": "/redfish/v1/Facilities/DCIMRoom"
            }
        ]
    },
    "@odata.id": "/redfish/v1/Facilities/DCIMBuilding",
    "@Redfish.Copyright": "Copyright 2014-2019 DMTF. For the full DMTF copyright policy, see http://www.dmtf.org/about/policies/copyright."
}

