{
	"@odata.type": "#RackPDU.v0_8_0.RackPDU",
	"Id": "1",
	"Name": "RackPDU1",
	"FirmwareVersion": "4.3.0",
	"HardwareRevision": "1.03b",
	"DateOfManufacture": "2017-01-11T08:00:00Z",
	"Manufacturer": "Contoso",
	"Model": "ZAP4000",
	"SerialNumber": "29347ZT536",
	"PartNumber": "AA-23",
	"UUID": "32354641-4135-4332-4A35-313735303734",
	"AssetTag": "PDX-92381",
	"Status": {
		"State": "Enabled",
		"Health": "OK"
	},
	"Location": {
		"Longitude": 45.52,
		"Latitude": 122.67,
		"PostalAddress": {
			"Country": "US",
			"Territory": "OR",
			"City": "Portland",
			"Street": "1001 SW 5th Avenue",
			"Name": "DMTF Headquarters",
			"PostalCode": "97204",
			"Building": "3A",
			"Floor": "2",
			"Room": "213"
		},
		"Placement": {
			"Row": "North"
		}
	},

	"CircuitSummary": {
		"TotalOutlets": 16,
		"MonitoredOutlets": 12,
		"ControlledOutlets": 8,
		"TotalPhases": 3,
		"MonitoredPhases": 3,
		"TotalBranches": 4,
		"MonitoredBranches": 4
	},

	"Temperatures": [{
		"DataSourceUri": "/redfish/v1/DCIMPower/default/RackPDU/1/Sensors/CabTemp",
		"Name": "Cabinet Temperature Sensor",
		"Status": {
			"Health": "OK"
		},
		"Reading": 12,
		"ReadingUnits": "C",
		"PhysicalContext": "Cabinet"
	}],

	"Humidity": [{
		"DataSourceUri": "/redfish/v1/DCIMPower/default/RackPDU/1/Sensors/Humidity",
		"Name": "Cabinet Humidity Sensor",
		"Status": {
			"Health": "OK"
		},
		"Reading": 12,
		"ReadingUnits": "%",
		"PhysicalContext": "Cabinet"
	}],

	"PowerReading": {
		"DataSourceUri": "/redfish/v1/DCIMPower/default/RackPDU/1/Sensors/PDUPower",
		"Reading": 6438,
		"ReadingUnits": "W",
		"ApparentVA": 6300,
		"ReactiveVAR": 100,
		"PowerFactor": 0.93,
		"LoadPercent": 62
	},
	"EnergyReading": {
		"DataSourceUri": "/redfish/v1/DCIMPower/default/RackPDU/1/Sensors/PDUEnergy",
		"Reading": 56438,
		"ReadingUnits": "W"
	},

	"TriggeredAlarms": [{
		"@odata.type": "#Alarm.v0_8_0.Alarm",
		"Id": "Overload",
		"Name": "PDU Unit Overload",
		"AlarmState": "Triggered",
		"Acknowledged": false,
		"Severity": "Critical",
		"TriggerTime": "2018-08-07T14:44:00Z",
		"AutomaticReArm": true,
		"Message": "Rack PDU Overload Condition",
		"MessageId": "DCIM.0.1.0.Overload",
		"MessageArgs": [
			"58703"
		],
		"Links": {
			"RelatedSensor": {
				"@odata.id": "/redfish/v1/DCIMPower/default/RackPDU/1/Sensors/ACMainPower"
			},
			"Oem": {}
		},
		"Oem": {},
		"@odata.context": "/redfish/v1/$metadata#Alarm.Alarm",
		"@odata.id": "/redfish/v1/DCIMPower/default/RackPDU/1/Alarms/Overload"
	}],

	"Mains": {
		"@odata.id": "/redfish/v1/DCIMPower/default/RackPDU/1/Mains"
	},
	"Branches": {
		"@odata.id": "/redfish/v1/DCIMPower/default/RackPDU/1/Branches"
	},
	"Outlets": {
		"@odata.id": "/redfish/v1/DCIMPower/default/RackPDU/1/Outlets"
	},
	"OutletGroups": {
		"@odata.id": "/redfish/v1/DCIMPower/default/RackPDU/1/OutletGroups"
	},
	"Alarms": {
		"@odata.id": "/redfish/v1/DCIMPower/default/RackPDU/1/Alarms"
	},
	"Sensors": {
		"@odata.id": "/redfish/v1/DCIMPower/default/RackPDU/1/Sensors"
	},

	"@odata.context": "/redfish/v1/$metadata#RackPDU.RackPDU",
	"@odata.id": "/redfish/v1/DCIMPower/default/RackPDU/1",
	"@Redfish.Copyright": "Copyright 2014-2018 DMTF. For the full DMTF copyright policy, see http://www.dmtf.org/about/policies/copyright."
}