{
    "@odata.type": "#OutletGroupCollection.OutletGroupCollection",
    "Name": "Outlet Group Collection",
    "Members@odata.count": 1,
    "Members": [
        {
            "@odata.id": "/redfish/v1/DCIMPower/default/RackPDU/1/OutletGroups/Rack5Storage"
        }
    ],
    "@odata.context": "/redfish/v1/$metadata#CircuitCollection.CircuitCollection",
    "@odata.id": "/redfish/v1/DCIMPower/default/RackPDU/1/OutletGroups",
    "@Redfish.Copyright": "Copyright 2014-2018 DMTF. For the full DMTF copyright policy, see http://www.dmtf.org/about/policies/copyright."
}