{
    "@odata.type": "#CircuitCollection.CircuitCollection",
    "Name": "Outlet Circuit Collection",
    "Members@odata.count": 11,
    "Members": [
        {
            "@odata.id": "/redfish/v1/PowerEquipment/RackPDUs/1/Outlets/A1"
        },
        {
            "@odata.id": "/redfish/v1/PowerEquipment/RackPDUs/1/Outlets/A2"
        },
        {
            "@odata.id": "/redfish/v1/PowerEquipment/RackPDUs/1/Outlets/A3"
        },
        {
            "@odata.id": "/redfish/v1/PowerEquipment/RackPDUs/1/Outlets/A4"
        },
        {
            "@odata.id": "/redfish/v1/PowerEquipment/RackPDUs/1/Outlets/A5"
        },
        {
            "@odata.id": "/redfish/v1/PowerEquipment/RackPDUs/1/Outlets/B1"
        },
        {
            "@odata.id": "/redfish/v1/PowerEquipment/RackPDUs/1/Outlets/B2"
        },
        {
            "@odata.id": "/redfish/v1/PowerEquipment/RackPDUs/1/Outlets/B3"
        },
        {
            "@odata.id": "/redfish/v1/PowerEquipment/RackPDUs/1/Outlets/C1"
        },
        {
            "@odata.id": "/redfish/v1/PowerEquipment/RackPDUs/1/Outlets/C2"
        },
        {
            "@odata.id": "/redfish/v1/PowerEquipment/RackPDUs/1/Outlets/C3"
        }
    ],
    "@odata.id": "/redfish/v1/PowerEquipment/RackPDUs/1/Outlets",
    "@Redfish.Copyright": "Copyright 2014-2019 DMTF. For the full DMTF copyright policy, see http://www.dmtf.org/about/policies/copyright."
}
